Date,Abnormal Return
7/5/2017,-0.000635078
7/3/2017,0.008644742
6/30/2017,0.001977194
6/29/2017,-0.003123954
6/28/2017,0.00092705
6/27/2017,-0.006810614
6/26/2017,0.00507511
6/23/2017,-0.004900834
6/22/2017,-0.001029221
6/21/2017,-0.012832143
6/20/2017,-0.002289915
6/19/2017,-0.00643774
6/16/2017,0.002914467
6/15/2017,0.00448201
6/14/2017,0.001649151
6/13/2017,-0.012767895
6/12/2017,0.007822657
6/9/2017,0.008044996
6/8/2017,-0.006872892
6/7/2017,-0.000193825
6/6/2017,-0.000345304
6/5/2017,-0.000791666
6/2/2017,-0.002289486
6/1/2017,0.004149194
5/31/2017,-0.00023473
5/30/2017,0.012024019
5/26/2017,-0.003069161
5/25/2017,-0.000645889
5/24/2017,-0.005713456
5/23/2017,0.00043382
5/22/2017,-0.002924913
5/19/2017,0.003462818
5/18/2017,0.010804116
5/17/2017,-0.007890081
5/16/2017,-0.00994135
5/15/2017,-0.000351412
5/12/2017,0.002213775
5/11/2017,0.00107542
5/10/2017,0.005319643
5/9/2017,-0.008441329
5/8/2017,0.000236149
5/5/2017,0.011945251
5/4/2017,-0.0105158
5/3/2017,-0.013335507
5/2/2017,-0.004570547
5/1/2017,-0.014443422
4/28/2017,-0.005834466
4/27/2017,-0.013447201
4/26/2017,0.012818672
4/25/2017,-0.005759945
4/24/2017,-0.004439664
4/21/2017,-0.008779994
4/20/2017,-0.001933614
4/19/2017,0.001059829
4/18/2017,0.00055217
4/17/2017,-0.004822178
4/13/2017,-0.002695354
4/12/2017,0.008523604
4/11/2017,-0.000848095
4/10/2017,-0.005598287
4/7/2017,0.000264425
4/6/2017,-0.011430256
4/5/2017,-0.002431267
4/4/2017,0.00254107
4/3/2017,0.001495495
3/31/2017,-0.003636351
3/30/2017,0.005666468
3/29/2017,-0.00331702
3/28/2017,-0.002790496
3/27/2017,-0.00392889
3/24/2017,0.001241378
3/23/2017,0.000654705
3/22/2017,-0.011385566
3/21/2017,-0.000353228
3/20/2017,-0.00321799
3/17/2017,0.004817211
3/16/2017,-0.002517477
3/15/2017,0.006707993
3/14/2017,-0.004521981
3/13/2017,0.000245915
3/10/2017,0.007757397
3/9/2017,0.003575959
3/8/2017,-0.001215969
3/7/2017,-0.000107637
3/6/2017,0.000833559
3/3/2017,-0.001737416
3/2/2017,0.004331978
3/1/2017,-0.002461179
2/28/2017,0.000874829
2/27/2017,-0.01337651
2/24/2017,0.008851398
2/23/2017,0.008397193
2/22/2017,-0.002686578
2/21/2017,0.0022924
2/17/2017,0.004539206
2/16/2017,0.00369511
2/15/2017,0.005997018
2/14/2017,-1.44E-05
2/13/2017,-0.020880701
2/10/2017,-0.000507433
2/9/2017,-0.001125525
2/8/2017,0.001760612
2/7/2017,0.001321097
2/6/2017,-0.003299782
2/3/2017,-0.002785997
2/2/2017,-0.021274701
2/1/2017,-0.00255617
1/31/2017,0.008679621
1/30/2017,-0.000811836
1/27/2017,0.006280627
1/26/2017,0.009635093
1/25/2017,-0.004230635
1/24/2017,-0.019291721
1/23/2017,0.014930142
1/20/2017,0.00889702
1/19/2017,0.007130681
1/18/2017,-0.008629847
1/17/2017,0.005494512
1/13/2017,-0.002361381
1/12/2017,0.011174106
1/11/2017,-0.006648016
1/10/2017,0.000245075
1/9/2017,-0.010393474
1/6/2017,-0.022095922
1/5/2017,-0.002329744
1/4/2017,-0.00934466
1/3/2017,0.006280905
12/30/2016,-0.000183968
12/29/2016,0.003473558
12/28/2016,0.00211196
12/27/2016,-0.003260522
12/23/2016,-0.000538908
12/22/2016,0.0096491
12/21/2016,-0.001072657
12/20/2016,0.006063489
12/19/2016,0.009579453
12/16/2016,0.005177387
12/15/2016,0.007334523
12/14/2016,-0.001274064
12/13/2016,0.001798469
12/12/2016,0.019028115
12/9/2016,-0.004409612
12/8/2016,-0.002322133
12/7/2016,0.019826108
12/6/2016,0.016531991
12/5/2016,-0.003076561
12/2/2016,-0.007189587
12/1/2016,0.008642417
11/30/2016,-0.019891386
11/29/2016,-0.002342002
11/28/2016,0.011660939
11/25/2016,0.009976286
11/23/2016,0.004170328
11/22/2016,0.020125491
11/21/2016,0.000185037
11/18/2016,0.005483505
11/17/2016,0.004110923
11/16/2016,0.011311525
11/15/2016,0.013094583
11/14/2016,-0.010336796
11/11/2016,-0.000777465
11/10/2016,-0.024441725
11/9/2016,0.005325514
11/8/2016,0.002560751
11/7/2016,-0.00522959
11/4/2016,-0.002520124
11/3/2016,0.009880144
11/2/2016,-0.001167668
11/1/2016,-0.002060791
10/31/2016,0.007744635
10/28/2016,0.00164563
10/27/2016,0.004314601
10/26/2016,-0.006282144
10/25/2016,-0.001995671
10/24/2016,-0.01973762
10/21/2016,-0.029960805
10/20/2016,-0.017687869
10/19/2016,-0.000845435
10/18/2016,-0.001512205
10/17/2016,0.003150782
10/14/2016,-0.003934368
10/13/2016,0.002930761
10/12/2016,0.005174379
10/11/2016,0.009992729
10/10/2016,0.000757517
10/7/2016,-0.004127503
10/6/2016,-0.001574164
10/5/2016,-0.009248869
10/4/2016,-0.018279253
10/3/2016,0.005953396
9/30/2016,-0.007866363
9/29/2016,0.002818382
9/28/2016,-0.017983666
9/27/2016,0.003799126
9/26/2016,0.001911432
9/23/2016,0.007677658
9/22/2016,0.009296774
9/21/2016,0.008523947
9/20/2016,-0.002680956
9/19/2016,-0.003471049
9/16/2016,-0.003851081
9/15/2016,0.007796239
9/14/2016,-0.001638674
9/13/2016,-0.009019558
9/12/2016,0.01611966
9/9/2016,-0.02078899
9/8/2016,-0.000565821
9/7/2016,0.001060599
9/6/2016,0.004996504
9/2/2016,-0.002838218
9/1/2016,0.001982583
8/31/2016,0.001222458
8/30/2016,-0.00147659
8/29/2016,0.004637999
8/26/2016,-0.008520995
8/25/2016,0.005736551
8/24/2016,0.003725446
8/23/2016,-0.002671879
8/22/2016,-0.002090595
8/19/2016,-0.008531029
8/18/2016,-0.012347194
8/17/2016,-0.003537143
8/16/2016,-0.021256389
8/15/2016,-0.00773186
8/12/2016,-0.002043635
8/11/2016,0.001474608
8/10/2016,0.00455435
8/9/2016,0.003253371
8/8/2016,-0.00476873
8/5/2016,-0.003455678
8/4/2016,-0.001521933
8/3/2016,-0.002398601
8/2/2016,0.003464953
8/1/2016,-0.001756888
7/29/2016,0.015667187
7/28/2016,-0.005201326
7/27/2016,0.009706545
7/26/2016,-0.013240797
7/25/2016,-0.002083857
7/22/2016,0.011063711
7/21/2016,-0.002217754
7/20/2016,-0.004039863
7/19/2016,-0.000980654
7/18/2016,-0.0024037
7/15/2016,0.00337924
7/14/2016,0.000978904
7/13/2016,0.004161129
7/12/2016,-0.006680442
7/11/2016,-0.004451835
7/8/2016,-0.002090068
7/7/2016,-0.018023239
7/6/2016,0.002059642
7/5/2016,0.001467537
7/1/2016,0.004813919
6/30/2016,0.007373643
6/29/2016,0.00185743
6/28/2016,-0.011210557
6/27/2016,0.023457416
6/24/2016,0.013584123
6/23/2016,0.005791525
6/22/2016,0.006619981
6/21/2016,0.005436669
6/20/2016,-0.002358972
6/17/2016,0.007939128
6/16/2016,0.003029518
6/15/2016,-0.001092328
6/14/2016,0.005838311
6/13/2016,0.001539742
6/10/2016,0.011652088
6/9/2016,0.006830962
6/8/2016,-0.000284402
6/7/2016,0.010642423
6/6/2016,0.000291683
6/3/2016,0.011324179
6/2/2016,0.00109602
6/1/2016,-0.01142897
5/31/2016,0.004724359
5/27/2016,0.001214976
5/26/2016,0.005826503
5/25/2016,-0.001189958
5/24/2016,-0.00375076
5/23/2016,-0.002093409
5/20/2016,-0.003456791
5/19/2016,0.002028731
5/18/2016,-0.017002088
5/17/2016,0.001483564
5/16/2016,-0.002728954
5/13/2016,-0.004878399
5/12/2016,0.009548139
5/11/2016,0.002597059
5/10/2016,0.003871633
5/9/2016,-0.003799579
5/6/2016,0.004493076
5/5/2016,-0.003453289
5/4/2016,0.002894988
5/3/2016,0.000498534
5/2/2016,0.002390099
4/29/2016,0.007784635
4/28/2016,0.003634006
4/27/2016,0.015521144
4/26/2016,-0.004296932
4/25/2016,0.004796492
4/22/2016,0.005517122
4/21/2016,-0.01900339
4/20/2016,-0.005609092
4/19/2016,0.005080996
4/18/2016,0.000379078
4/15/2016,0.002169522
4/14/2016,0.004337462
4/13/2016,-0.01706053
4/12/2016,0.00132718
4/11/2016,-0.001165435
4/8/2016,-0.004052995
4/7/2016,0.006100897
4/6/2016,-0.008296539
4/5/2016,0.001944866
4/4/2016,0.009919806
4/1/2016,-0.006972852
3/31/2016,-0.003820358
3/30/2016,-0.004714354
3/29/2016,0.004282107
3/28/2016,0.0045501
3/24/2016,0.009055314
3/23/2016,0.00161359
3/22/2016,-0.006909233
3/21/2016,0.008727262
3/18/2016,-0.017035108
3/17/2016,0.004954912
3/16/2016,0.003032022
3/15/2016,0.006353486
3/14/2016,-0.000264118
3/11/2016,-0.00881885
3/10/2016,0.008592401
3/9/2016,-0.006007649
3/8/2016,0.005891605
3/7/2016,0.004726484
3/4/2016,-0.003620807
3/3/2016,0.005799314
3/2/2016,0.005495423
3/1/2016,-0.002830861
2/29/2016,0.000166774
2/26/2016,-0.005267362
2/25/2016,0.000270002
2/24/2016,0.00705706
2/23/2016,0.004434875
2/22/2016,-0.00099515
2/19/2016,-0.011338435
2/18/2016,0.012433577
2/17/2016,-0.010449529
2/16/2016,-0.005263197
2/12/2016,-0.004871866
2/11/2016,0.001556756
2/10/2016,-0.005886041
2/9/2016,-0.011985779
2/8/2016,0.014976281
2/5/2016,0.020993319
2/4/2016,-0.006117078
2/3/2016,0.015220349
2/2/2016,0.008256936
2/1/2016,0.003601461
1/29/2016,-0.000372163
1/28/2016,-0.002004772
1/27/2016,0.008967952
1/26/2016,0.002694591
1/25/2016,0.005672339
1/22/2016,0.004846017
1/21/2016,0.01567101
1/20/2016,-0.010454974
1/19/2016,0.014969948
1/15/2016,0.004299512
1/14/2016,0.006287881
1/13/2016,0.010696069
1/12/2016,-0.006290842
1/11/2016,0.01169739
1/8/2016,0.007587746
1/7/2016,-0.001513147
1/6/2016,0.006632772
1/5/2016,0.005744433
1/4/2016,0.007706122
12/31/2015,-0.003687359
12/30/2015,-0.000982952
12/29/2015,-0.001672939
12/28/2015,0.004230366
12/24/2015,-0.002463148
12/23/2015,0.003084629
12/22/2015,0.003942713
12/21/2015,0.009780251
12/18/2015,-0.001646312
12/17/2015,-0.001468481
12/16/2015,0.008487669
12/15/2015,-0.00030687
12/14/2015,0.010027114
12/11/2015,-0.002856569
12/10/2015,0.00158837
12/9/2015,-0.003492871
12/8/2015,-0.008248199
12/7/2015,0.009006416
12/4/2015,0.017839356
12/3/2015,-0.004831339
12/2/2015,0.000571272
12/1/2015,-0.003624958
11/30/2015,0.005844346
11/27/2015,0.003220923
11/25/2015,0.001876683
11/24/2015,-0.002846462
11/23/2015,-0.005179331
11/20/2015,-0.00116313
11/19/2015,0.003078828
11/18/2015,-0.001561541
11/17/2015,0.007485536
11/16/2015,0.013390941
11/13/2015,-0.004703694
11/12/2015,0.001652153
11/11/2015,0.005957804
11/10/2015,-0.002455205
11/9/2015,-0.00358482
11/6/2015,-0.0051842
11/5/2015,-0.003482553
11/4/2015,-0.00227109
11/3/2015,-0.001089482
11/2/2015,-0.004347755
10/30/2015,0.001777875
10/29/2015,0.004167622
10/28/2015,-0.000987786
10/27/2015,-0.011791758
10/26/2015,-0.001189828
10/23/2015,-0.01328932
10/22/2015,0.000446961
10/21/2015,-0.000847293
10/20/2015,0.004445653
10/19/2015,-0.006078948
10/16/2015,0.007330082
10/15/2015,-0.002558851
10/14/2015,0.004417329
10/13/2015,0.001812314
10/12/2015,0.004040561
10/9/2015,-0.008232514
10/8/2015,0.003008964
10/7/2015,0.003564119
10/6/2015,-0.001373818
10/5/2015,0.012909614
10/2/2015,-0.005457943
10/1/2015,-0.002753647
9/30/2015,0.004123859
9/29/2015,0.00456788
9/28/2015,0.002548075
9/25/2015,0.007139182
9/24/2015,-0.000718451
9/23/2015,-0.0009042
9/22/2015,-0.001300224
9/21/2015,-0.002512015
9/18/2015,0.002964903
9/17/2015,-0.003275968
9/16/2015,-0.00294096
9/15/2015,0.001600542
9/14/2015,-0.002670346
9/11/2015,-0.003686563
9/10/2015,-0.004174206
9/9/2015,-0.002281417
9/8/2015,0.002324487
9/4/2015,-0.005061847
9/3/2015,0.005984024
9/2/2015,0.004174519
9/1/2015,-0.008242841
8/31/2015,0.002478062
8/28/2015,-0.004861327
8/27/2015,0.007939104
8/26/2015,0.003884474
8/25/2015,-0.009259236
8/24/2015,-0.0059202
8/21/2015,0.002878443
8/20/2015,0.00109648
8/19/2015,0.005388443
8/18/2015,0.005127121
8/17/2015,0.002068365
8/14/2015,0.004682781
8/13/2015,-0.005385429
8/12/2015,-0.01876843
8/11/2015,0.002163587
8/10/2015,0.008752881
8/7/2015,0.000899012
8/6/2015,-0.004758472
8/5/2015,-0.002212519
8/4/2015,-0.000918813
8/3/2015,-0.000600573
7/31/2015,-0.000321336
7/30/2015,0.003153334
7/29/2015,0.00596699
7/28/2015,-0.007356926
7/27/2015,0.004441062
7/24/2015,0.017219285
7/23/2015,-0.006416382
7/22/2015,-0.007203671
7/21/2015,-0.006824049
7/20/2015,-0.003618097
7/17/2015,-0.004949322
7/16/2015,0.007432207
7/15/2015,-0.010650913
7/14/2015,0.004131131
7/13/2015,-0.000195463
7/10/2015,-5.86E-05
7/9/2015,-0.012894472
7/8/2015,-0.004164662
7/7/2015,0.000738036
7/6/2015,-0.000973812
7/2/2015,0.004688355
7/1/2015,-0.002875287
6/30/2015,-0.008630629
6/29/2015,0.003194878
6/26/2015,-0.001417602
6/25/2015,0.013015677
6/24/2015,0.000920242
6/23/2015,0.024436017
6/22/2015,-0.002334389
6/19/2015,0.00241809
6/18/2015,0.000207067
6/17/2015,0.002527291
6/16/2015,0.004042504
6/15/2015,-0.004072068
6/12/2015,-0.002275195
6/11/2015,0.003534756
6/10/2015,-0.001350684
6/9/2015,-0.002571304
6/8/2015,0.004576546
6/5/2015,-0.018960154
6/4/2015,0.012175974
6/3/2015,0.018191009
6/2/2015,0.000913968
6/1/2015,-0.006772499
5/29/2015,-0.003569728
5/28/2015,-0.003509598
5/27/2015,0.002418333
5/26/2015,0.005196576
5/22/2015,-0.008885811
5/21/2015,0.011554707
5/20/2015,0.007848275
5/19/2015,-0.013941608
5/18/2015,0.013847751
5/15/2015,0.005385477
5/14/2015,0.0001283
5/13/2015,0.007318484
5/12/2015,0.00689751
5/11/2015,-0.002793712
5/8/2015,0.001279465
5/7/2015,-0.002630124
5/6/2015,-0.007331667
5/5/2015,-0.016148256
5/4/2015,0.001379862
5/1/2015,-0.013095737
4/30/2015,0.002802081
4/29/2015,-0.000559071
4/28/2015,0.020877476
4/27/2015,0.004909409
4/24/2015,-0.007818047
4/23/2015,0.040236129
4/22/2015,0.002982112
4/21/2015,-0.004263964
4/20/2015,0.004140728
4/17/2015,-0.000343858
4/16/2015,-0.003775706
4/15/2015,0.002939002
4/14/2015,-0.006785049
4/13/2015,0.006185683
4/10/2015,-0.000765443
4/9/2015,-0.001527502
4/8/2015,-0.002879884
4/7/2015,-0.003827485
4/6/2015,0.001956104
4/2/2015,0.005117511
4/1/2015,0.009799153
3/31/2015,-0.004274505
3/30/2015,-0.000838458
3/27/2015,-0.003595391
3/26/2015,0.007599411
3/25/2015,-0.004617606
3/24/2015,-0.002519051
3/23/2015,0.002582785
3/20/2015,-0.004662003
3/19/2015,-0.008601625
3/18/2015,0.013464914
3/17/2015,-0.002789519
3/16/2015,0.00080065
3/13/2015,-0.007417012
3/12/2015,0.007853315
3/11/2015,-0.003696815
3/10/2015,-0.006618118
3/9/2015,-0.006318486
3/6/2015,-0.006541816
3/5/2015,-0.000738567
3/4/2015,-0.009205256
3/3/2015,-0.003837342
3/2/2015,-0.001467306
2/27/2015,0.003564633
2/26/2015,0.009388658
2/25/2015,0.005171604
2/24/2015,0.004204957
2/23/2015,-0.006561574
2/20/2015,-0.004076348
2/19/2015,-0.010941754
2/18/2015,-0.006144072
2/17/2015,0.000456046
2/13/2015,-0.001071625
2/12/2015,0.000442012
2/11/2015,-0.013181416
2/10/2015,-0.000529806
2/9/2015,-0.00397319
2/6/2015,0.01166471
2/5/2015,-0.002576767
2/4/2015,0.00460454
2/3/2015,0.014325915
2/2/2015,0.011437051
1/30/2015,0.006808595
1/29/2015,0.00268033
1/28/2015,0.00437109
1/27/2015,-0.002884319
1/26/2015,-0.007279749
1/23/2015,-0.009038859
1/22/2015,-0.015605185
1/21/2015,-0.001449096
1/20/2015,0.003480727
1/16/2015,0.007946518
1/15/2015,0.003610138
1/14/2015,-0.001187908
1/13/2015,0.001592231
1/12/2015,0.007692264
1/9/2015,0.002204235
1/8/2015,-0.001096857
1/7/2015,-0.005973932
1/6/2015,0.006981664
1/5/2015,0.001838744
1/2/2015,0.008545583
12/31/2014,-0.008010738
12/30/2014,0.002138798
12/29/2014,-0.002287799
12/26/2014,0.004140054
12/24/2014,-0.001971109
12/23/2014,0.004239372
12/22/2014,0.006889673
12/19/2014,-0.00192682
12/18/2014,0.010882645
12/17/2014,0.003922854
12/16/2014,0.001831061
12/15/2014,0.006714981
12/12/2014,-0.006802665
12/11/2014,0.003970585
12/10/2014,-0.002065158
12/9/2014,-0.029074007
12/8/2014,0.002713056
12/5/2014,-0.000143607
12/4/2014,-0.001929423
12/3/2014,-0.01078199
12/2/2014,-0.025904888
12/1/2014,-0.004827573
11/28/2014,0.008686277
11/26/2014,0.007170466
11/25/2014,0.004168257
11/24/2014,-0.018208329
11/21/2014,-0.003233718
11/20/2014,-0.003759021
11/19/2014,-0.00887164
11/18/2014,-0.006796484
11/17/2014,-0.001847026
11/14/2014,0.007995697
11/13/2014,0.005604838
11/12/2014,0.008980135
11/11/2014,-0.000999592
11/10/2014,0.004088592
11/7/2014,0.005256442
11/6/2014,-0.008058517
11/5/2014,0.000216594
11/4/2014,0.000312201
11/3/2014,7.34E-05
10/31/2014,0.002318615
10/30/2014,-0.000649491
10/29/2014,0.002894387
10/28/2014,-0.000922557
10/27/2014,0.00801328
10/24/2014,0.001883604
10/23/2014,-0.031945153
10/22/2014,0.00104121
10/21/2014,-0.002168902
10/20/2014,0.000223216
10/17/2014,0.00512375
10/16/2014,-0.006880278
10/15/2014,0.005888406
10/14/2014,-0.000383656
10/13/2014,-0.002385949
10/10/2014,-0.004758383
10/9/2014,-0.001181903
10/8/2014,-0.002752646
10/7/2014,0.004831865
10/6/2014,0.004643058
10/3/2014,0.004257716
10/2/2014,0.000282805
10/1/2014,0.000235286
9/30/2014,0.002004204
9/29/2014,0.000155557
9/26/2014,0.000405735
9/25/2014,0.000944395
9/24/2014,-0.00086582
9/23/2014,-0.003193657
9/22/2014,0.005793817
9/19/2014,0.009111414
9/18/2014,0.000977754
9/17/2014,0.001202593
9/16/2014,0.002873568
9/15/2014,0.00594568
9/12/2014,-0.006361019
9/11/2014,0.00377786
9/10/2014,-0.001097252
9/9/2014,-0.005955728
9/8/2014,-0.002085239
9/5/2014,0.002900834
9/4/2014,8.95E-05
9/3/2014,0.004212607
9/2/2014,-0.003096751
8/29/2014,0.004282445
8/28/2014,0.000755821
8/27/2014,0.007215472
8/26/2014,-0.000938742
8/25/2014,-0.00266661
8/22/2014,-0.002811193
8/21/2014,0.001364182
8/20/2014,-7.99E-05
8/19/2014,-0.0079941
8/18/2014,-0.007858918
8/15/2014,-0.004831711
8/14/2014,0.003658468
8/13/2014,-0.002698286
8/12/2014,0.005942411
8/11/2014,-0.001703917
8/8/2014,0.000479735
8/7/2014,-0.008411578
8/6/2014,-0.013966078
8/5/2014,-0.003889462
8/4/2014,-0.000759642
8/1/2014,-0.00553985
7/31/2014,-0.008827859
7/30/2014,-0.006323372
7/29/2014,0.029163136
7/28/2014,0.002917341
7/25/2014,0.004121054
7/24/2014,-0.010892401
7/23/2014,-0.002752802
7/22/2014,-0.003653315
7/21/2014,-0.004373351
7/18/2014,-0.002453012
7/17/2014,-0.004215124
7/16/2014,0.003200514
7/15/2014,0.011789828
7/14/2014,-0.000194327
7/11/2014,0.000772399
7/10/2014,0.003953254
7/9/2014,-0.000336895
7/8/2014,0.004352562
7/7/2014,0.00744514
7/3/2014,0.001382236
7/2/2014,0.004948424
7/1/2014,-0.000729989
6/30/2014,-0.001181896
6/27/2014,0.003074231
6/26/2014,0.000727949
6/25/2014,-0.003874287
6/24/2014,0.001148019
6/23/2014,8.18E-05
6/20/2014,-0.000220119
6/19/2014,0.003756839
6/18/2014,0.000373745
6/17/2014,-0.000198118
6/16/2014,-0.00194407
6/13/2014,0.003806607
6/12/2014,0.00495194
6/11/2014,-0.001536666
6/10/2014,-0.001847472
6/9/2014,-0.000865118
6/6/2014,-0.005136987
6/5/2014,-0.002602593
6/4/2014,-0.005429574
6/3/2014,-0.006537816
6/2/2014,-0.001295169
5/30/2014,0.00112203
5/29/2014,-0.001899444
5/28/2014,0.004380149
5/27/2014,-0.006811639
5/23/2014,-0.004319496
5/22/2014,0.001660193
5/21/2014,-0.011490363
5/20/2014,-0.020176472
5/19/2014,-0.012172799
5/16/2014,0.00371051
5/15/2014,0.009353379
5/14/2014,0.008151282
5/13/2014,-0.01037794
5/12/2014,-0.002405222
5/9/2014,0.000160554
5/8/2014,0.01874541
5/7/2014,0.004139661
5/6/2014,-0.002000092
5/5/2014,0.002492909
5/2/2014,0.002238132
5/1/2014,-0.003272818
4/30/2014,0.006057614
4/29/2014,0.006752073
4/28/2014,0.015108381
4/25/2014,0.004709631
4/24/2014,-0.013087718
4/23/2014,-0.036384635
4/22/2014,0.003851158
4/21/2014,-0.00177609
4/17/2014,-0.002504068
4/16/2014,0.005294822
4/15/2014,0.004876761
4/14/2014,-0.000528421
4/11/2014,0.008136115
4/10/2014,0.018623378
4/9/2014,-0.016665515
4/8/2014,0.004535378
4/7/2014,0.004950314
4/4/2014,0.005496396
4/3/2014,0.008046502
4/2/2014,0.006217458
4/1/2014,-0.003776253
3/31/2014,-0.004893051
3/28/2014,0.000281203
3/27/2014,0.011285855
3/26/2014,0.001154383
3/25/2014,0.004825418
3/24/2014,0.007668844
3/21/2014,0.007970884
3/20/2014,0.03055432
3/19/2014,0.003179824
3/18/2014,-0.001721874
3/17/2014,0.006375224
3/14/2014,0.006070074
3/13/2014,0.00629886
3/12/2014,0.004465531
3/11/2014,-0.005474471
3/10/2014,-0.00063584
3/7/2014,0.005851985
3/6/2014,0.005474776
3/5/2014,-0.000589192
3/4/2014,-0.000325227
3/3/2014,0.00236377
2/28/2014,-0.011026371
2/27/2014,0.004132088
2/26/2014,-0.005297873
2/25/2014,-0.00840711
2/24/2014,-0.013880915
2/21/2014,-0.010267832
2/20/2014,0.00632113
2/19/2014,0.004942936
2/18/2014,-0.010670218
2/14/2014,-0.013121839
2/13/2014,0.013109602
2/12/2014,-0.000137376
2/11/2014,0.008890623
2/10/2014,0.003365406
2/7/2014,0.001161064
2/6/2014,-0.010175118
2/5/2014,-0.010149756
2/4/2014,0.010931184
2/3/2014,-0.027018058
1/31/2014,0.003092828
1/30/2014,-0.005756631
1/29/2014,-0.005268517
1/28/2014,0.001878184
1/27/2014,0.005704194
1/24/2014,0.001647827
1/23/2014,0.019286242
1/22/2014,-0.007206309
1/21/2014,-0.005570348
1/17/2014,-0.005250766
1/16/2014,0.005862632
1/15/2014,0.006069514
1/14/2014,-0.001274671
1/13/2014,-0.001752431
1/10/2014,0.00096084
1/9/2014,-0.020659226
1/8/2014,-0.007117226
1/7/2014,-0.004041435
1/6/2014,0.00614851
1/3/2014,-0.004086096
1/2/2014,-0.00050049
12/31/2013,-0.00358136
12/30/2013,0.000679127
12/27/2013,0.000776669
12/26/2013,0.003078201
12/24/2013,0.005694488
12/23/2013,0.008086342
12/20/2013,-0.007329643
12/19/2013,0.002394109
12/18/2013,0.005377608
12/17/2013,-0.006870071
12/16/2013,0.004960198
12/13/2013,-0.001117641
12/12/2013,0.000560646
12/11/2013,-0.006093141
12/10/2013,-0.006396403
12/9/2013,0.003511605
12/6/2013,0.001235964
12/5/2013,-0.007435923
12/4/2013,-0.003225068
12/3/2013,0.000247228
12/2/2013,-0.009965249
11/29/2013,-0.005163207
11/27/2013,0.002150559
11/26/2013,-0.002637116
11/25/2013,-0.000631471
11/22/2013,0.000335702
11/21/2013,-0.007844215
11/20/2013,-0.006713534
11/19/2013,0.004632386
11/18/2013,0.007081719
11/15/2013,0.005072166
11/14/2013,-0.000420784
11/13/2013,-0.007841969
11/12/2013,0.005460153
11/11/2013,-0.004426955
11/8/2013,-0.006582662
11/7/2013,-0.011680856
11/6/2013,0.005528001
11/5/2013,-0.023507363
11/4/2013,0.003589518
11/1/2013,-0.000687921
10/31/2013,0.00071632
10/30/2013,0.002735154
10/29/2013,0.0162311
10/28/2013,0.009977617
10/25/2013,0.013456996
10/24/2013,-0.020435672
10/23/2013,0.004336585
10/22/2013,-0.003258889
10/21/2013,0.017568252
10/18/2013,0.000892327
10/17/2013,0.002853374
10/16/2013,0.005997408
10/15/2013,-0.001829479
10/14/2013,-0.010703036
10/11/2013,-0.002417748
10/10/2013,-0.001628289
10/9/2013,0.018975397
10/8/2013,-0.00550012
10/7/2013,0.012660098
10/4/2013,-0.001085458
10/3/2013,-0.003294327
10/2/2013,-0.003111635
10/1/2013,0.002157435
9/30/2013,-0.000985596
9/27/2013,-0.004788174
9/26/2013,0.003134138
9/25/2013,0.000518253
9/24/2013,-0.002195235
9/23/2013,0.000291132
9/20/2013,-0.009907281
9/19/2013,-0.002867786
9/18/2013,-0.001764214
9/17/2013,0.002602496
9/16/2013,0.003768945
9/13/2013,-0.003421538
9/12/2013,0.014156948
9/11/2013,-0.001884754
9/10/2013,0.005573975
9/9/2013,0.000414336
9/6/2013,0.002066061
9/5/2013,-0.012602435
9/4/2013,0.00759283
9/3/2013,-0.017646795
8/30/2013,0.007309227
8/29/2013,0.000872248
8/28/2013,-0.004961698
8/27/2013,0.005958385
8/26/2013,-0.011212253
8/23/2013,0.011459946
8/22/2013,0.00483288
8/21/2013,-0.007945651
8/20/2013,7.74E-06
8/19/2013,-0.007766615
8/16/2013,-0.002908542
8/15/2013,-0.003260669
8/14/2013,0.004636541
8/13/2013,-0.007441505
8/12/2013,0.004160222
8/9/2013,-0.011680587
8/8/2013,-0.010828527
8/7/2013,0.005450482
8/6/2013,-0.001792359
8/5/2013,-0.00188219
8/2/2013,0.000386925
8/1/2013,0.00501491
7/31/2013,-0.004150804
7/30/2013,-0.013051312
7/29/2013,0.010172095
7/26/2013,0.00343689
7/25/2013,0.00011623
7/24/2013,-0.009095954
7/23/2013,0.007607739
7/22/2013,-0.007678042
7/19/2013,0.000964348
7/18/2013,-0.009225628
7/17/2013,0.000516591
7/16/2013,0.01157311
7/15/2013,-0.008109715
7/12/2013,-0.003578558
7/11/2013,0.005193414
7/10/2013,-0.006011023
7/9/2013,-0.003902129
7/8/2013,0.002410323
7/5/2013,-0.000404
7/3/2013,0.002024524
7/2/2013,0.006851896
7/1/2013,-0.00616174
6/28/2013,-0.003806559
6/27/2013,0.004663124
6/26/2013,0.002642151
6/25/2013,0.010676472
6/24/2013,0.007209164
6/21/2013,0.001845028
6/20/2013,-0.01008837
6/19/2013,-0.016882362
6/18/2013,0.006654546
6/17/2013,-0.008849992
6/14/2013,-0.007109792
6/13/2013,0.009961154
6/12/2013,0.00125326
6/11/2013,-0.000121253
6/10/2013,0.015447128
6/7/2013,-0.017976555
6/6/2013,0.010355788
6/5/2013,-0.002985658
6/4/2013,0.02051154
6/3/2013,-0.001378752
5/31/2013,-0.005531648
5/30/2013,-0.013683942
5/29/2013,-0.003110427
5/28/2013,-0.019425783
5/24/2013,0.000612447
5/23/2013,0.005082464
5/22/2013,-0.003553792
5/21/2013,-0.008586566
5/20/2013,-0.005438899
5/17/2013,-0.00475507
5/16/2013,-0.000903414
5/15/2013,0.004900075
5/14/2013,-4.63E-05
5/13/2013,-0.00966244
5/10/2013,-0.001865119
5/9/2013,-0.010940291
5/8/2013,0.005706475
5/7/2013,0.008363731
5/6/2013,-0.007873258
5/3/2013,-0.012362484
5/2/2013,-0.005809333
5/1/2013,0.008417252
4/30/2013,0.002755158
4/29/2013,0.002581876
4/26/2013,-0.005299969
4/25/2013,0.003987759
4/24/2013,-0.050259902
4/23/2013,0.000537648
4/22/2013,0.008876545
4/19/2013,0.008844939
4/18/2013,0.003078987
4/17/2013,0.004630488
4/16/2013,-0.009098433
4/15/2013,-0.002403051
4/12/2013,0.003048955
4/11/2013,0.007235786
4/10/2013,0.003596297
4/9/2013,0.001532508
4/8/2013,-0.002561168
4/5/2013,0.005553948
4/4/2013,0.014399438
4/3/2013,-0.001207339
4/2/2013,0.005397075
4/1/2013,0.018025195
3/28/2013,-0.000593117
3/27/2013,-0.002903057
3/26/2013,0.004810731
3/25/2013,0.000964528
3/22/2013,0.003315651
3/21/2013,0.004008706
3/20/2013,-0.002751994
3/19/2013,0.001219467
3/18/2013,-0.004283573
3/15/2013,-0.010666147
3/14/2013,0.00364382
3/13/2013,-0.004079412
3/12/2013,0.004762697
3/11/2013,-0.004187307
3/8/2013,0.005202065
3/7/2013,0.001633965
3/6/2013,-0.009139567
3/5/2013,0.00430559
3/4/2013,0.003262592
3/1/2013,0.001349693
2/28/2013,0.002207196
2/27/2013,0.002285539
2/26/2013,0.004752413
2/25/2013,-0.002427276
2/22/2013,0.001639422
2/21/2013,0.002764374
2/20/2013,0.002052549
2/19/2013,0.004236679
2/15/2013,0.002629071
2/14/2013,-0.004096757
2/13/2013,-0.005422164
2/12/2013,0.009517394
2/11/2013,-0.00075975
2/8/2013,-0.00349372
2/7/2013,-0.003401142
2/6/2013,0.00192416
2/5/2013,-0.00302616
2/4/2013,-0.000759941
2/1/2013,0.014488172
1/31/2013,0.010573363
1/30/2013,-0.003359031
1/29/2013,0.012961874
1/28/2013,0.004375758
1/25/2013,0.004637316
1/24/2013,-0.000891976
1/23/2013,0.004127108
1/22/2013,0.002349514
1/18/2013,0.005127449
1/17/2013,-0.005288523
1/16/2013,-0.014932073
1/15/2013,-0.008339495
1/14/2013,-0.006720498
1/11/2013,-0.002879934
1/10/2013,-0.000894786
1/9/2013,-0.004842064
1/8/2013,-0.014884084
1/7/2013,0.006470069
1/4/2013,0.002992527
1/3/2013,0.001859093
1/2/2013,0.022581201
12/31/2012,0.001243421
12/28/2012,-0.003277921
12/27/2012,-0.002799942
12/26/2012,0.004141628
12/24/2012,0.003586085
12/21/2012,-0.008841714
12/20/2012,0.004278757
12/19/2012,-0.007835754
12/18/2012,-0.003879416
12/17/2012,-0.000861254
12/14/2012,-0.006479015
12/13/2012,-0.001025506
12/12/2012,0.00967924
12/11/2012,0.008407898
12/10/2012,-0.000505441
12/7/2012,0.000870911
12/6/2012,-0.009708866
12/5/2012,-0.001273635
12/4/2012,-0.005388364
12/3/2012,0.003223124
11/30/2012,0.00579417
11/29/2012,0.006584342
11/28/2012,-0.004851017
11/27/2012,-0.007075903
11/26/2012,-0.01009707
11/23/2012,0.007022755
11/21/2012,0.003614658
11/20/2012,-0.004549152
11/19/2012,0.008254597
11/16/2012,-0.011366899
11/15/2012,-0.009673104
11/14/2012,0.003546095
11/13/2012,0.004822887
11/12/2012,0.009758485
11/9/2012,0.009191945
11/8/2012,-0.005543095
11/7/2012,-0.018695802
11/6/2012,-0.005710806
11/5/2012,-0.00419903
11/2/2012,0.00123202
11/1/2012,0.007708184
10/31/2012,-0.001251357
10/26/2012,0.004218174
10/25/2012,-0.007899653
10/24/2012,-0.006380655
10/23/2012,0.001545288
10/22/2012,-0.001970225
10/19/2012,-0.009201078
10/18/2012,0.009907764
10/17/2012,0.006497112
10/16/2012,-0.000945101
10/15/2012,-0.016775943
10/12/2012,-0.015543002
10/11/2012,-0.01799725
10/10/2012,-0.002102444
10/9/2012,-0.007700211
10/8/2012,-0.003147845
10/5/2012,-0.000857368
10/4/2012,2.38E-05
10/3/2012,0.00728334
10/2/2012,0.001051087
10/1/2012,-0.000311456
9/28/2012,-0.004868403
9/27/2012,-0.008321681
9/26/2012,0.004067715
9/25/2012,0.001517734
9/24/2012,0.005842804
9/21/2012,0.003736473
9/20/2012,0.005101267
9/19/2012,0.001923115
9/18/2012,0.002385686
9/17/2012,0.011054768
9/14/2012,-0.02577369
9/13/2012,0.001328702
9/12/2012,0.001366099
9/11/2012,0.003408827
9/10/2012,0.007013524
9/7/2012,-0.006240335
9/6/2012,0.001191288
9/5/2012,0.0039194
9/4/2012,0.005359438
8/31/2012,-0.004495344
8/30/2012,0.001288999
8/29/2012,0.004391472
8/28/2012,-0.005738863
8/27/2012,-0.001863293
8/24/2012,0.006681489
8/23/2012,0.004984526
8/22/2012,-0.00095947
8/21/2012,-0.005972816
8/20/2012,-0.007519664
8/17/2012,-0.003035651
8/16/2012,-0.000610877
8/15/2012,-0.00473069
8/14/2012,-0.003665321
8/13/2012,-0.001894255
8/10/2012,0.005632381
8/9/2012,-0.005598752
8/8/2012,-0.000650581
8/7/2012,-0.007673356
8/6/2012,-0.000640156
8/3/2012,-0.010691464
8/2/2012,0.001976537
8/1/2012,-0.005593113
7/31/2012,0.015756719
7/30/2012,0.008106573
7/27/2012,0.011358738
7/26/2012,0.017241213
7/25/2012,0.020407616
7/24/2012,-0.015615789
7/23/2012,0.008051864
7/20/2012,0.000857656
7/19/2012,-0.021296537
7/18/2012,0.006204267
7/17/2012,0.006717654
7/16/2012,0.003409296
7/13/2012,0.003578526
7/12/2012,-0.007981032
7/11/2012,-0.00506991
7/10/2012,0.002203855
7/9/2012,0.003833723
7/6/2012,0.00893782
7/5/2012,-0.003494458
7/3/2012,-0.009373204
7/2/2012,0.013624198
6/29/2012,-0.007758399
6/28/2012,0.006986144
6/27/2012,0.000455427
6/26/2012,-0.002088993
6/25/2012,0.003596654
6/22/2012,-0.000433603
6/21/2012,0.003014954
6/20/2012,-0.000650201
6/19/2012,-0.010551722
6/18/2012,-0.003132365
6/15/2012,-0.005823255
6/14/2012,0.013619606
6/13/2012,0.004336785
6/12/2012,0.004080353
6/11/2012,0.008950768
6/8/2012,0.006406536
6/7/2012,-0.011508532
6/6/2012,0.000447164
6/5/2012,-0.006171837
6/4/2012,0.007307153
6/1/2012,0.007314892
5/31/2012,0.011157819
5/30/2012,0.005905057
5/29/2012,0.000579618
5/25/2012,0.00282332
5/24/2012,0.007541192
5/23/2012,-0.00641261
5/22/2012,-0.002976316
5/21/2012,-0.010793392
5/18/2012,0.015676527
5/17/2012,0.012307048
5/16/2012,-0.002078325
5/15/2012,-0.001820488
5/14/2012,0.005075975
5/11/2012,0.015976251
5/10/2012,0.008198521
5/9/2012,-0.002822572
5/8/2012,0.003854246
5/7/2012,0.004043931
5/4/2012,0.002420207
5/3/2012,0.006847855
5/2/2012,0.00093675
5/1/2012,0.001064005
4/30/2012,0.009744308
4/27/2012,0.005598922
4/26/2012,0.017929214
4/25/2012,-0.007794749
4/24/2012,0.033990365
4/23/2012,-0.002909448
4/20/2012,0.003181643
4/19/2012,0.003339223
4/18/2012,-0.002028188
4/17/2012,-0.000415456
4/16/2012,0.002603061
4/13/2012,-0.002024346
4/12/2012,0.004299263
4/11/2012,0.006020977
4/10/2012,-0.006097242
4/9/2012,-0.002682499
4/5/2012,-0.005715014
4/4/2012,0.01075419
4/3/2012,0.001827087
4/2/2012,0.002410525
3/30/2012,-0.001643002
3/29/2012,-0.00379033
3/28/2012,-0.005798143
3/27/2012,-0.002979015
3/26/2012,-8.52E-06
3/23/2012,-0.007911386
3/22/2012,0.000367055
3/21/2012,0.00272831
3/20/2012,0.006276149
3/19/2012,-0.000554615
3/16/2012,-0.002271455
3/15/2012,0.002356632
3/14/2012,-0.004952117
3/13/2012,-0.00515268
3/12/2012,0.008239501
3/9/2012,0.003564146
3/8/2012,-0.00217632
3/7/2012,0.000620122
3/6/2012,0.001101163
3/5/2012,0.006276476
3/2/2012,0.009839918
3/1/2012,-0.002494977
2/29/2012,0.004890262
2/28/2012,0.003526898
2/27/2012,-0.000177134
2/24/2012,-0.004971978
2/23/2012,0.003306422
2/22/2012,8.49E-05
2/21/2012,0.010551746
2/17/2012,-0.001783269
2/16/2012,-0.001786761
2/15/2012,-0.003327035
2/14/2012,0.001578939
2/13/2012,0.002503287
2/10/2012,-0.000749231
2/9/2012,-0.00190953
2/8/2012,-0.001999785
2/7/2012,0.001086041
2/6/2012,0.000929482
2/3/2012,-0.003647606
2/2/2012,0.005742566
2/1/2012,0.000965087
1/31/2012,0.002667721
1/30/2012,0.00773054
1/27/2012,-0.00886364
1/26/2012,-0.021604185
1/25/2012,-0.001371365
1/24/2012,-0.009563799
1/23/2012,-0.003896584
1/20/2012,0.002545259
1/19/2012,-8.22E-05
1/18/2012,-0.004214673
1/17/2012,0.003792337
1/13/2012,0.001395131
1/12/2012,0.002892252
1/11/2012,0.007537142
1/10/2012,-0.002115369
1/9/2012,-0.002070422
1/6/2012,-0.00777907
1/5/2012,-0.002803546
1/4/2012,0.001529627
1/3/2012,-0.004925485
12/30/2011,0.004969997
12/29/2011,0.000734137
12/28/2011,0.004709013
12/27/2011,0.005642623
12/23/2011,0.001501329
12/22/2011,0.007182788
12/21/2011,0.004977374
12/20/2011,-0.005195034
12/19/2011,0.003432266
12/16/2011,9.81E-05
12/15/2011,-0.002696851
12/14/2011,-0.000912723
12/13/2011,0.006397701
12/12/2011,0.008520636
12/9/2011,-0.004535109
12/8/2011,-0.005312434
12/7/2011,0.00663866
12/6/2011,3.29E-06
12/5/2011,0.000208536
12/2/2011,0.004309581
12/1/2011,-0.003652164
11/30/2011,0.006039974
11/29/2011,0.002568685
11/28/2011,0.001645508
11/25/2011,-0.003423545
11/23/2011,-0.005231121
11/22/2011,-0.007315994
11/21/2011,0.001738528
11/18/2011,0.001292207
11/17/2011,0.004466771
11/16/2011,-0.005807841
11/15/2011,-0.000918945
11/14/2011,-0.001920718
11/11/2011,-0.003112774
11/10/2011,0.003322322
11/9/2011,0.003989472
11/8/2011,-0.006567405
11/7/2011,0.005714639
11/4/2011,-0.005633025
11/3/2011,0.000782152
11/2/2011,0.003295866
11/1/2011,-0.003557763
10/31/2011,0.000816207
10/28/2011,0.008921758
10/27/2011,0.003868944
10/26/2011,0.005461134
10/25/2011,-0.003896625
10/24/2011,-0.016531315
10/21/2011,-0.00678492
10/20/2011,-0.006249865
10/19/2011,0.003702641
10/18/2011,-0.006061204
10/17/2011,0.00681863
10/14/2011,-0.008326677
10/13/2011,0.005630525
10/12/2011,0.001598477
10/11/2011,-0.014048249
10/10/2011,0.004596261
10/7/2011,0.006096495
10/6/2011,-0.007769996
10/5/2011,0.004391434
10/4/2011,-0.008559463
10/3/2011,0.004945157
9/30/2011,0.004325809
9/29/2011,0.005147176
9/28/2011,0.008590921
9/27/2011,0.005044374
9/26/2011,0.003184345
9/23/2011,-0.000151797
9/22/2011,0.000252549
9/21/2011,-0.000915674
9/20/2011,0.010472919
9/19/2011,-0.006386586
9/16/2011,0.010491606
9/15/2011,-0.000704763
9/14/2011,-0.003345132
9/13/2011,0.002976846
9/12/2011,0.008044571
9/9/2011,0.001468786
9/8/2011,0.000509421
9/7/2011,-0.006908926
9/6/2011,-0.003251272
9/2/2011,0.007829219
9/1/2011,-4.31E-05
8/31/2011,-0.041526771
8/30/2011,0.010854134
8/29/2011,-0.009886979
8/26/2011,-0.01002544
8/25/2011,-0.002960644
8/24/2011,0.007426368
8/23/2011,-0.002541354
8/22/2011,0.016275138
8/19/2011,-0.007246576
8/18/2011,0.003195961
8/17/2011,0.012614132
8/16/2011,0.005319195
8/15/2011,0.007455524
8/12/2011,-0.010984815
8/11/2011,-0.008497415
8/10/2011,-0.006358584
8/9/2011,0.012243119
8/8/2011,-0.001370585
8/5/2011,0.005567166
8/4/2011,0.005121888
8/3/2011,0.007869419
8/2/2011,0.004263314
8/1/2011,0.011437434
7/29/2011,0.003983137
7/28/2011,-0.021367416
7/27/2011,0.013208218
7/26/2011,0.003537818
7/25/2011,-0.010038054
7/22/2011,0.00076038
7/21/2011,-0.006710204
7/20/2011,-0.00288304
7/19/2011,-0.003098587
7/18/2011,-0.001248193
7/15/2011,-0.012259193
7/14/2011,-0.003640161
7/13/2011,-0.000292741
7/12/2011,0.001763814
7/11/2011,0.000252326
7/8/2011,0.001416441
7/7/2011,-0.006455142
7/6/2011,0.000343203
7/5/2011,-0.000753473
7/1/2011,-0.000301782
6/30/2011,-0.001449905
6/29/2011,0.002622189
6/28/2011,0.000459512
6/27/2011,0.004841301
6/24/2011,-0.001873791
6/23/2011,-0.003435336
6/22/2011,-0.003398856
6/21/2011,-0.003444016
6/20/2011,0.002843527
6/17/2011,0.009293002
6/16/2011,0.001552548
6/15/2011,-0.003526549
6/14/2011,6.83E-05
6/13/2011,0.006508857
6/10/2011,0.008962209
6/9/2011,-0.004885214
6/8/2011,0.003574898
6/7/2011,-0.001056246
6/6/2011,-0.002817378
6/3/2011,-0.004321909
6/2/2011,-0.005660565
6/1/2011,0.001712223
5/31/2011,0.00208804
5/27/2011,0.003266103
5/26/2011,0.001107436
5/25/2011,-0.007100512
5/24/2011,0.003085044
5/23/2011,-0.000299111
5/20/2011,0.002199779
5/19/2011,0.005065243
5/18/2011,-0.002865375
5/17/2011,0.002159155
5/16/2011,-0.007311704
5/13/2011,-0.002287723
5/12/2011,0.005262633
5/11/2011,-0.00292102
5/10/2011,0.005859563
5/9/2011,7.33E-05
5/6/2011,-0.001077571
5/5/2011,-0.012329867
5/4/2011,0.002036093
5/3/2011,0.022913321
5/2/2011,0.00397441
4/29/2011,-0.009389927
4/28/2011,-0.003786786
4/27/2011,0.011654462
4/26/2011,0.00722106
4/25/2011,-0.003253799
4/21/2011,0.014996165
4/20/2011,-0.014284267
4/19/2011,-0.003538939
4/18/2011,-0.00428952
4/15/2011,0.009461293
4/14/2011,0.003593002
4/13/2011,-0.009634966
4/12/2011,-0.001394763
4/11/2011,9.67E-05
4/8/2011,0.008038918
4/7/2011,0.003235982
4/6/2011,0.005258825
4/5/2011,-0.002163704
4/4/2011,0.004685348
4/1/2011,-0.002737715
3/31/2011,-0.002126345
3/30/2011,0.017835381
3/29/2011,0.019141878
3/28/2011,0.019374577
3/25/2011,0.008909848
3/24/2011,0.00844674
3/23/2011,-0.000375793
3/22/2011,-0.003469211
3/21/2011,0.002199685
3/18/2011,0.004548055
3/17/2011,0.006728479
3/16/2011,-0.005222007
3/15/2011,-0.006563616
3/14/2011,-0.005751992
3/11/2011,-0.009614998
3/10/2011,0.005400451
3/9/2011,0.01279176
3/8/2011,0.014203614
3/7/2011,0.004434332
3/4/2011,-0.00290964
3/3/2011,-0.012052677
3/2/2011,0.002207756
3/1/2011,-0.000851353
2/28/2011,0.00545318
2/25/2011,0.00100682
2/24/2011,-0.003310509
2/23/2011,-0.002254139
2/22/2011,-0.000274617
2/18/2011,0.001267681
2/17/2011,0.005167888
2/16/2011,-0.001739124
2/15/2011,-0.005732887
2/14/2011,-0.001823474
2/11/2011,0.004743556
2/10/2011,0.009190392
2/9/2011,0.003869628
2/8/2011,-0.004372035
2/7/2011,-0.004210723
2/4/2011,-0.002495454
2/3/2011,0.0101111
2/2/2011,-0.005494757
2/1/2011,0.002409323
1/31/2011,-0.003639972
1/28/2011,-0.011727904
1/27/2011,-0.022270142
1/26/2011,-0.003649156
1/25/2011,0.009668777
1/24/2011,0.001690929
1/21/2011,0.002051946
1/20/2011,-0.002730158
1/19/2011,0.006246313
1/18/2011,-0.004367434
1/14/2011,0.007904294
1/13/2011,0.002483274
1/12/2011,-0.000904643
1/11/2011,-0.017472716
1/10/2011,-0.016827802
1/7/2011,-0.009152617
1/6/2011,-0.012225395
1/5/2011,0.000254974
1/4/2011,0.007888688
1/3/2011,0
