Fiscal Period,Revenue per Share,EBITDA per Share,EBIT per Share,Earnings per Share (Diluted),EPS without NRI,Owner Earnings per Share (TTM),Free Cash Flow per Share,Operating Cash Flow per Share,Dividends per Share,Book Value per Share,Tangible Book per Share,Total Debt per Share,Month End Stock Price,ROE %,ROA %,ROIC %,WACC %,Effective Interest Rate on Debt %,Net Interest Margin (Bank Only) %,Operating Margin %,Net Margin %,FCF Margin %,Debt-to-Equity,Equity-to-Asset,Debt-to-Asset,Asset Turnover,Dividend Payout Ratio,Interest Income,Interest Expense,Net Interest Income,Non Interest Income,Revenue,Credit Losses Provision,"Selling, General, & Admin. Expense",SpecialCharges,Other Noninterest Expense,Operating Income,Other Income (Expense),Other Income (Minority Interest),Pre-Tax Income,Tax Provision,Tax Rate %,Net Income (Continuing Operations),Net Income (Discontinued Operations),Net Income,Preferred Dividends,EPS (Basic),EPS (Diluted),Shares Outstanding (Diluted Average),"Depreciation, Depletion and Amortization",EBITDA,Cash and cash equivalents,Money Market Investments,Net Loan,Securities & Investments,Accounts Receivable,Deferred Policy Acquisition Costs,"Property, Plant and Equipment",Intangible Assets,Goodwill,Other Assets for Banks,Total Assets,Total Deposits,Accounts Payable & Accrued Expense,Current Portion of Long-Term Debt,Long-Term Debt & Capital Lease Obligation,Minority Interest,Other Liabilities for Banks,Total Liabilities,Common Stock,Preferred Stock,Retained Earnings,Accumulated other comprehensive income (loss),Additional Paid-In Capital,Treasury Stock,Total Equity,Net Income,Net Foreign Currency Exchange Gain,Net Income From Continuing Operations,"Depreciation, Depletion and Amortization",Change In Receivables,Change In Inventory,Change In Prepaid Assets,Change In Payables And Accrued Expense,Change In Working Capital,Change In DeferredTax,Stock Based Compensation,Cash Flow from Discontinued Operations,Cash Flow from Others,Cash Flow from Operations,"Purchase Of Property, Plant, Equipment","Sale Of Property, Plant, Equipment",Purchase Of Business,Sale Of Business,Purchase Of Investment,Sale Of Investment,Net Intangibles Purchase And Sale,Cash From Discontinued Investing Activities,Cash From Other Investing Activities,Cash Flow from Investing,Issuance of Stock,Repurchase of Stock,Net Issuance of Preferred Stock,Net Issuance of Debt,Cash Flow for Dividends,Other Financing,Cash Flow from Financing,Net Change in Cash,Capital Expenditure,Free Cash Flow,PE Ratio,Price-to-Owner-Earnings,PB Ratio,Price-to-Tangible-Book,Price-to-Free-Cash-Flow,Price-to-Operating-Cash-Flow,PS Ratio,PEG Ratio,EV-to-Revenue,EV-to-EBITDA,EV-to-EBIT,Earnings Yield (Joel Greenblatt) %,Forward Rate of Return (Yacktman) %,Shiller PE Ratio,Dividend Yield %,Market Cap,Enterprise Value,Net Cash per Share,Net Current Asset Value,Net-Net Working Capital,Intrinsic Value: Projected FCF,Median PS Value,Peter Lynch Fair Value,Graham Number,Earnings Power Value (EPV),Altman Z-Score,Piotroski F-Score,Beneish M-Score,Scaled Net Operating Assets,Sloan Ratio %,Current Ratio,Quick Ratio,Interest Coverage,Highest Stock Price,Lowest Stock Price,Shares Buyback Ratio %,YoY Rev. per Sh. Growth,YoY EPS Growth,YoY EBITDA Growth,5-Year EBITDA Growth Rate,Shares Outstanding (Basic Average),Shares Outstanding (EOP),Beta,Filing Date,Restated Filing Date
Mar-11,3.812,1.099,1.01,0.67,0.67,0,3.227,3.227,0.05,23.027,15.101,38.514,31.71,10.99,1.2,4.73,6.5,3.5,3.92,26.49,18.49,84.66,1.523,0.107,0.163,0.016,0.075,12472,-1821,10651,9678,20329,2210,7498,0,5235,5386,0,-55,5386,-1572,29.19,3814,0,3759,189,0.68,0.67,5333.1,477,5863,16978,93041,763721,225796,0,0,9545,41848,24777,93737,1244666,837662,0,54737,148603,1472,68721,1111195,8854,11897,54855,5021,54815,-541,133471,3814,0,3814,477,-156,0,0,-5508,3090,0,261,0,9569,17211,0,1642,0,0,-18831,27012,0,0,-8591,1232,634,-55,2501,-9380,-885,-10324,-17509,934,0,17211,13.05,0,1.38,2.1,6.21,6.21,1.99,0,4.37,16.63,18.01,5.55,7.92,15.37,0.63,167416.116,367147.116,-207.25,0,-209.51,50.84,41.33,35.06,28.73,-8.07,0,0,-2.48,0.255,0.13,0,0,2.96,34.1,31.2,-0.33,-7.14,48.89,21.84,-5.96,5278.8,5279.6,1.49,5/6/2011,5/8/2012
Jun-11,3.824,1.231,1.139,0.7,0.7,0,2.129,2.129,0.12,23.62,15.857,37.277,28.06,11.05,1.26,5.16,6.17,3.41,3.93,29.79,19.37,55.68,1.442,0.108,0.156,0.016,0.171,12384,-1706,10678,9708,20386,1838,7234,0,5241,6073,0,-124,6073,-2001,32.95,4072,0,3948,220,0.7,0.7,5331.7,491,6564,24059,88406,763794,241068,0,0,9613,40976,24776,91818,1259734,853635,0,53881,142872,1515,71430,1123333,8876,11730,57942,5422,55226,-1546,136401,4072,0,4072,491,42,0,0,-2308,3948,0,115,0,2724,11350,0,1419,0,0,-26294,12868,0,0,512,-11495,167,-1017,0,-7050,-788,15914,7226,7081,0,11350,10.88,0,1.19,1.77,4.9,4.9,1.79,0,4.02,14.3,15.32,6.53,9.95,12.9,0.96,148105.45,334044.45,-208.27,0,-210.49,54.07,40.7,34.23,30.34,-4.74,0,0,-2.48,0.25,0.77,0,0,3.56,32.4,25.36,0.03,-5.97,27.27,22.61,-3.85,5286.5,5278.17,1.48,8/5/2011,8/7/2012
Sep-11,3.69,1.251,1.154,0.72,0.72,0,1.735,1.735,0.12,23.937,16.577,34.898,24.12,11.2,1.26,5.38,5.98,3.44,3.78,31.28,20.66,47.01,1.335,0.106,0.141,0.015,0.167,12178,-1636,10542,9086,19628,1811,6918,0,4759,6140,0,-87,6140,-1998,32.54,4142,0,4055,216,0.73,0.72,5319.2,515,6655,18314,89804,783514,264962,0,0,9607,38807,25038,99937,1304945,895428,0,50775,133214,1476,86284,1167177,8902,11566,61135,3828,55495,-2087,137768,4142,0,4142,515,-163,0,0,15306,10217,0,78,0,-5724,9228,0,5028,0,0,-39032,15608,0,0,-23110,-41506,213,-690,0,-13774,-923,41707,26533,-5745,0,9228,8.93,0,1.01,1.46,3.81,3.81,1.57,0,3.74,12.4,13.44,7.44,15.2,10.94,1.41,127165.946,305882.946,-217.91,0,-220.1,60.91,40,31.99,31.73,-2.75,0,0,-2.53,0.242,4.78,0,0,3.75,29.38,22.88,0.11,-6.79,20,23.49,-1.35,5275.5,5272.22,1.74,11/8/2011,11/6/2012
Dec-11,3.875,1.276,1.139,0.73,0.73,0,-4.537,-4.537,0.12,24.476,15.341,33.148,27.56,11.19,1.25,5.56,6.91,3.32,3.82,29.4,19.93,-117.08,1.244,0.107,0.133,0.016,0.164,12378,-1486,10892,9713,20605,2040,7283,0,5225,6057,0,-76,6057,-1874,30.94,4183,0,4107,219,0.74,0.73,5316.8,725,6782,19440,44367,799954,300427,25939,0,9531,48076,25115,66133,1313867,920070,225,49091,125354,1446,77440,1173626,8931,11431,64385,3207,55957,-2744,140241,4183,0,4183,725,-124,0,0,-4852,12175,0,1034,0,-42241,-24124,0,0,0,0,-39734,22616,0,0,33843,16725,282,-654,0,-14895,-785,24577,8525,1126,0,-24124,9.77,0,1.13,1.8,10.79,10.79,1.81,6.39,3.87,12.1,13.23,7.56,12.6,12.45,1.49,145037.532,312919.532,-219.32,0,-217.79,53.7,39.52,28.88,31.2,0.07,0,0,-2.33,0.227,2.83,0,0,4.08,27.79,23.18,0.18,-4.56,19.67,20.95,1.53,5271.8,5262.61,1.97,2/28/2012,2/26/2014
Mar-12,4.053,1.367,1.245,0.75,0.75,0,2.98,2.98,0.12,25.166,17.66,34.088,34.14,11.26,1.28,5.69,6.53,3.08,3.76,30.73,19.63,73.51,1.242,0.109,0.135,0.016,0.16,12255,-1367,10888,10748,21636,1995,7983,3330,5010,6648,0,-72,6648,-2328,35.02,4320,0,4248,226,0.76,0.75,5337.8,649,7297,17000,74143,792076,305962,0,0,9291,39792,25140,95535,1333799,930267,0,50964,129752,1333,75967,1188283,9008,12101,67239,4216,57569,-2958,145516,4320,0,4320,649,-113,0,0,-6431,42584,0,539,0,-32187,15905,0,0,-426,0,-18680,19314,0,0,-33169,-32961,879,-64,0,5250,-1451,10002,14616,-2440,0,15905,11.77,0,1.36,1.93,14.8,14.8,2.21,2.46,4.35,13.12,14.37,6.96,14.38,14.91,1.41,180993.21,358143.21,-220.93,0,-223.22,53.15,40.15,20.76,33.95,-0.72,0,0,-2.46,0.236,5.49,0,0,4.86,34.47,28.43,-0.74,6.32,11.94,24.39,4.79,5282.6,5301.5,1.53,5/8/2012,5/8/2013
Jun-12,3.965,1.458,1.321,0.82,0.82,0,3.627,3.627,0.22,25.85,18.53,34.309,33.44,12,1.38,6.05,4.96,2.91,3.76,33.31,21.71,91.48,1.222,0.111,0.135,0.016,0.268,12354,-1317,11037,10252,21289,1800,7441,3381,4956,7092,0,-99,7092,-2371,33.43,4721,0,4622,219,0.83,0.82,5369.9,735,7827,16811,74635,808194,291265,0,0,9317,38617,25406,97365,1336204,928933,0,56023,124984,1367,76827,1188134,9054,11694,70456,4629,58091,-4638,148070,4721,0,4721,735,153,0,0,1472,19875,0,500,0,-6355,19476,0,0,-3649,0,-20931,25418,0,0,-15596,-14758,432,-2037,0,-691,-1324,-1287,-4907,-189,0,19476,11.07,0,1.29,1.8,8.79,8.79,2.15,1.33,4.25,12.38,13.64,7.33,19.23,14.42,1.73,176420.411,353677.411,-222.02,0,-224.24,57.28,40.52,25.13,35.48,0.12,0,0,-2.48,0.235,5.17,0,0,5.38,34.51,30.05,0.49,3.69,17.14,18.44,8.32,5306.9,5275.73,1.08,8/7/2012,8/7/2013
Sep-12,3.961,1.533,1.402,0.88,0.88,0,2.765,2.765,0.22,26.92,19.786,34.55,34.53,12.46,1.46,6.33,5.09,2.78,3.58,35.4,23.27,69.81,1.182,0.113,0.133,0.016,0.25,11925,-1263,10662,10551,21213,1591,7438,3018,4674,7510,0,-93,7510,-2480,33.02,5030,0,4937,220,0.89,0.88,5355.6,699,8209,16986,100442,815880,289942,0,0,9165,37737,25637,104563,1374715,952239,0,51957,130801,1380,83659,1220036,9105,12283,73994,6435,59089,-5186,154679,5030,0,5030,699,-43,0,0,4700,19109,0,264,0,-10294,14808,0,0,-244,0,-11481,6047,0,0,-32379,-38057,689,-496,0,648,-1451,24034,23424,175,0,14808,10.86,0,1.28,1.75,7.14,7.14,2.18,0.89,4.27,12.02,13.26,7.54,23.72,14.54,1.97,182650.579,362085.579,-227.44,0,-229.76,61.2,41.22,38.67,37.63,0.87,0,0,-2.49,0.241,4.43,0,0,5.95,36.13,32.85,-0.26,7.34,22.22,22.54,12.16,5288.1,5289.62,1.12,11/6/2012,11/6/2013
Dec-12,4.111,1.488,1.353,0.91,0.91,0,1.564,1.564,0.22,27.471,18.812,35.044,34.18,12.44,1.46,6.59,5.26,2.64,3.45,32.9,23.19,38.05,1.171,0.111,0.13,0.016,0.242,11857,-1214,10643,11305,21948,1831,7298,3910,5598,7221,0,-207,7221,-1924,26.64,5297,0,5090,233,0.92,0.91,5338.9,724,7945,21860,137313,829773,292681,25828,0,9428,45602,25637,60483,1422968,1002835,0,57175,127379,1357,76668,1265414,9136,12883,77679,5650,59802,-6610,157554,5297,0,5297,724,296,0,0,-11778,12895,0,395,0,-10960,8351,0,0,-3,0,-16283,16422,0,0,-54250,-54114,91,-1322,0,2094,-1231,51005,50637,4874,0,8351,10.17,0,1.24,1.82,3.13,3.13,2.12,0.63,4.15,11.41,12.54,7.97,29.53,14.3,2.28,180002.476,356936.476,-236.13,0,-234.9,61.45,41.83,54.13,37.71,3.22,0,0,-2.61,0.234,7.04,0,0,5.95,35.97,31.43,0.44,6.09,24.66,16.61,16.11,5272.3,5266.31,1.16,2/27/2013,2/25/2015
Mar-13,3.971,1.583,1.427,0.92,0.92,0,1.707,1.707,0.25,27.922,20.571,35.336,36.99,12.34,1.45,6.37,5.49,2.48,3.3,35.94,24.32,42.98,1.153,0.113,0.13,0.015,0.272,11650,-1151,10499,10760,21259,1219,8115,2661,4285,7640,0,-49,7640,-2420,31.68,5220,0,5171,240,0.93,0.92,5353.5,834,8474,16217,143804,830151,310434,0,0,9263,38879,25637,87886,1436634,1010733,0,60693,126191,1309,75622,1274548,9136,14412,81264,5145,60136,-6036,162086,5220,0,5220,834,-288,0,0,1692,17884,0,625,0,-15426,9137,0,0,0,0,-32565,14888,396,0,-8876,-26157,644,-383,610,4193,-1590,7903,11377,-5643,0,9137,10.48,0,1.32,1.8,3.83,3.83,2.31,0.55,4.46,11.77,12.97,7.71,31.66,14.96,2.46,195631.602,382019.602,-237.93,0,-240.65,61.97,41.62,67.81,40.42,3.21,0,0,-2.53,0.235,7.04,0,0,6.64,38.2,34.66,-0.43,-2.02,22.67,15.8,19.21,5279,5288.77,1.18,5/8/2013,5/7/2014
Jun-13,3.97,1.723,1.573,0.98,0.98,0,2.41,2.41,0.3,27.995,20.262,34.016,41.27,13,1.53,6.79,5.63,2.35,3.35,39.62,25.82,60.71,1.11,0.113,0.125,0.015,0.306,11827,-1077,10750,10628,21378,652,7771,2973,4484,8471,0,-89,8471,-2863,33.8,5608,0,5519,247,1,0.98,5384.6,809,9280,17939,148665,824805,308058,0,0,9190,40998,25637,90908,1440563,1021585,0,56983,123375,1356,74843,1278142,9136,13988,84923,1797,59945,-5858,162421,5608,0,5608,809,102,0,0,-2620,9940,0,514,0,-3893,12978,0,0,0,0,-20671,16132,134,0,-10414,-14819,693,-1455,0,-4760,-1746,10831,3563,1722,0,12978,11.18,0,1.47,2.04,4.89,4.89,2.58,0.5,4.62,11.7,12.86,7.78,34.69,16.42,2.4,218820.143,396583.143,-237.68,0,-240.32,64.52,41.63,82.55,41.02,6.6,0,0,-2.52,0.227,7.54,0,0,7.87,41.56,36.27,-0.25,0.13,19.51,18.18,22.37,5304.7,5302.16,1.05,8/7/2013,8/6/2014
Sep-13,3.805,1.703,1.542,0.99,0.99,0,3.921,3.921,0.3,28.749,20.91,38.884,41.32,12.91,1.52,6.67,5.32,2.13,3.3,40.54,27.24,103.05,1.227,0.112,0.138,0.014,0.303,11776,-1028,10748,9730,20478,75,7697,2831,4405,8301,0,-105,8301,-2618,31.54,5683,0,5578,261,1,0.99,5381.7,865,9166,18928,182036,822765,319602,0,0,9120,41342,25637,94262,1488055,1041871,0,53851,151212,1648,72308,1320890,9136,15549,88625,2289,60188,-7290,167165,5683,0,5683,865,-29,0,0,1878,11884,0,396,0,2275,21103,0,0,0,0,-27684,13893,-59,0,-47929,-61779,598,-2140,1707,22988,-1886,20398,41665,989,0,21103,10.87,0,1.44,1.98,4.3,4.3,2.61,0.43,4.95,12.08,13.32,7.51,37.32,16.18,2.59,217910.937,421242.937,-246.88,0,-249.82,73.03,41.23,95,42.28,4.2,0,0,-2.61,0.246,8.51,0,0,8.07,44.63,41.08,0.54,-3.94,12.5,11.09,25.03,5295.3,5273.74,0.97,11/6/2013,11/5/2014
Dec-13,3.855,1.679,1.533,1,1,0,2.691,2.691,0.3,29.27,20.1,39.352,45.4,12.73,1.49,6.41,5.34,2.01,3.21,39.76,27.15,69.79,1.216,0.112,0.136,0.014,0.3,11836,-1033,10803,9862,20665,363,7514,2897,4571,8217,0,-103,8217,-2504,30.47,5713,0,5610,241,1.02,1,5360.7,785,9002,19919,213793,824680,327166,21422,0,9156,48204,25637,59162,1523502,1079177,0,53883,152998,866,66436,1353360,9136,16267,92361,1386,60296,-8104,170142,5713,0,5713,785,202,0,0,-8127,6410,0,385,0,1130,14423,0,0,0,0,-17609,11268,-64,0,-44332,-50737,289,-1378,828,1993,-1748,37321,37305,991,0,14423,11.67,0,1.55,2.26,4.23,4.23,2.91,0.43,5.28,12.33,13.57,7.37,39.32,17.5,2.53,238675.064,442770.064,-253.64,0,-253.68,76.43,40.56,97.25,41.94,10.89,0,0,-2.81,0.241,7.73,0,0,7.95,45.54,40.24,0.31,-6.23,9.89,12.84,26.93,5270.2,5257.16,0.88,2/26/2014,2/24/2016
Mar-14,3.853,1.667,1.56,1.05,1.05,9.786,0.523,0.531,0.3,30.176,22.215,40.079,49.74,12.97,1.54,6.87,5.14,1.91,3.09,40.49,28.57,13.58,1.198,0.114,0.136,0.013,0.286,11612,-997,10615,10010,20625,325,7759,2616,4189,8352,0,-182,8352,-2277,27.26,6075,0,5893,286,1.07,1.05,5353.3,571,8923,19731,222781,829072,334080,0,0,9020,41809,25637,90214,1546707,1094576,0,57061,153422,815,65179,1371053,9136,17179,96368,2752,60618,-8206,175654,6075,0,6075,571,-139,0,0,-2233,-1319,0,692,0,-3178,2841,-40,0,0,0,-14399,11095,-40,0,-14841,-18225,617,-1025,0,2704,-1897,14797,15196,-188,-40,2801,12.37,5.08,1.65,2.24,5.21,5.21,3.21,0.53,5.44,12.44,13.57,7.37,36.46,18.71,2.41,261217.568,452301.568,-253.95,0,-257.22,78.31,40.26,93.02,44.83,14.53,0,0,-2.65,0.241,7.55,0,0,8.38,49.74,44.23,0.1,-2.97,14.13,5.31,23.14,5262.8,5251.66,0.85,5/7/2014,5/6/2015
Jun-14,3.937,1.754,1.618,1.01,1.01,7.734,-0.611,-0.605,0.35,30.879,23.107,43.758,52.56,12.17,1.46,6.52,5.16,1.82,3.06,41.09,27.18,-15.53,1.27,0.113,0.144,0.013,0.347,11793,-1002,10791,10275,21066,217,7635,3043,4559,8655,0,-60,8655,-2869,33.15,5786,0,5726,302,1.02,1.01,5350.8,732,9387,20635,238719,846667,350743,0,0,8977,40801,25705,92332,1598874,1118577,0,61849,167878,690,69021,1418015,9136,18749,99926,4117,59926,-9271,180859,5786,0,5786,732,142,0,0,3662,-1210,0,452,0,-8999,-3239,-32,0,0,0,-18757,12467,-32,0,-28166,-34520,435,-2954,1995,17022,-2020,24185,38663,904,-32,-3271,12.98,6.8,1.7,2.27,8.06,8.04,3.4,0.66,5.73,13,14.15,7.07,30.73,19.3,2.38,275934.218,474357.218,-260.44,0,-264.01,74.25,40.17,79.79,45.89,14.57,0,0,-2.63,0.253,9.57,0,0,8.64,52.98,47.71,0.03,-0.83,3.06,1.8,19.7,5268.4,5249.89,0.89,8/6/2014,8/5/2015
Sep-14,3.995,1.738,1.619,1.02,1.02,8.61,2.827,2.836,0.35,31.275,22.514,47.462,51.87,11.91,1.42,9.44,4.69,1.71,3.26,40.53,27.01,70.78,1.356,0.111,0.151,0.013,0.343,11964,-1023,10941,10272,21213,368,7601,3117,4647,8597,0,-226,8597,-2642,30.73,5955,0,5729,321,1.04,1.02,5310.4,630,9227,242886,34515,855672,359327,26388,0,8768,45691,25705,63608,1636855,1130625,0,62927,184586,509,75727,1454374,9136,19379,103494,3118,60100,-11206,182481,5955,0,5955,630,-551,0,0,7163,16306,0,381,0,-8210,15062,-47,0,0,0,-26840,14064,-47,0,-29660,-42530,324,-2490,780,16306,-2145,12090,24865,-2603,-47,15015,12.71,6.02,1.66,2.3,9.55,9.51,3.32,0.77,3.01,6.89,7.44,13.44,28.57,18.78,2.51,270502.569,251696.569,-224,0,-223.92,79.72,40.66,67.4,45.46,56.77,0,0,-2.54,0.117,8.55,0,0,8.4,53.36,49.7,0.66,4.99,3.03,2.06,16.52,5225.9,5215.01,0.78,11/5/2014,11/4/2015
Dec-14,4.061,1.684,1.574,1.02,1.02,8.26,0.537,0.543,0.35,31.948,23.418,47.862,54.82,11.74,1.37,8.31,4.79,1.62,3.23,38.76,26.62,13.22,1.342,0.109,0.147,0.013,0.343,12183,-1003,11180,10263,21443,485,7875,3123,4772,8311,0,-83,8311,-2519,30.31,5792,0,5709,327,1.04,1.02,5280,582,8893,19571,258429,870490,391180,27151,0,8743,44103,25705,67488,1687155,1168310,0,63518,183943,868,86122,1502761,9136,19213,107040,3518,60537,-13690,184394,5792,0,5792,582,176,0,0,-1814,4377,0,387,0,-8273,2865,-31,0,0,0,-34910,14049,-31,0,-12182,-33105,464,-2945,0,-1672,-2081,38013,31779,1539,-31,2834,13.37,6.64,1.72,2.34,16.73,16.59,3.46,0.97,6.3,14.59,15.67,6.38,24.76,19.77,2.46,283438.587,531409.587,-286.86,0,-286.64,86.42,41.2,56.25,46.48,7.71,0,0,-2.22,0.252,7.94,0,0,8.29,55.71,47.85,0.86,5.34,2,0.3,13.72,5192.2,5170.35,0.88,2/25/2015,3/1/2017
Mar-15,4.058,1.695,1.557,1.04,1.04,9.898,0.476,0.48,0.35,32.416,24.895,50.721,54.4,11.71,1.36,6.06,4.46,1.54,2.85,38.36,27.28,11.72,1.382,0.109,0.15,0.012,0.337,11963,-977,10986,10292,21278,608,8261,2717,4246,8163,0,-80,8163,-2279,27.92,5884,0,5804,343,1.06,1.04,5243.6,727,8890,19793,291317,873342,404014,0,0,8696,38696,25705,101879,1737737,1196663,0,77697,183292,1168,90121,1548941,9136,21998,110676,3777,59980,-14556,188796,5884,0,5884,727,-300,0,0,3908,6897,0,708,0,-11701,2515,-21,0,0,0,-22983,13036,-21,0,-32935,-42924,614,-2592,1997,13820,-2126,28918,40631,222,-21,2494,13.3,5.5,1.68,2.19,16.85,16.72,3.39,0.93,5.61,13.11,14.15,7.07,25.39,19.36,2.57,279920.096,477149.096,-284.13,0,-288.4,83.64,41.73,58.65,47.86,19.57,0,0,-2.46,0.256,9.14,0,0,8.36,56.17,50.72,0.48,5.32,-0.95,1.68,14.34,5160.4,5145.59,0.85,5/6/2015,5/4/2016
Jun-15,4.084,1.797,1.638,1.03,1.03,11.883,-0.321,-0.316,0.375,32.634,24.932,51.06,56.24,11.34,1.32,6.45,4.63,1.46,2.89,40.1,26.83,-7.86,1.386,0.11,0.153,0.012,0.364,12226,-956,11270,10048,21318,300,7870,3107,4599,8549,0,-67,8549,-2763,32.32,5786,0,5719,356,1.04,1.03,5220.5,831,9380,19687,232247,902773,421005,0,0,8692,39628,25705,96585,1720617,1185828,0,82963,179751,1118,81399,1531059,9136,21649,114093,2068,60154,-15707,189558,5786,0,5786,831,-82,0,0,-9518,8823,0,470,0,-17561,-1651,-24,0,0,0,-35511,17669,-24,0,32688,14798,398,-1994,0,1356,-2220,-10793,-13253,-106,-24,-1675,13.68,4.73,1.72,2.26,15.98,15.87,3.47,0.97,5.57,13.05,14.13,7.08,24.14,19.58,2.53,289368.298,475060.298,-278.17,0,-282.38,83.39,42.11,58.12,48.02,22.99,0,0,-2.44,0.25,6.27,0,0,8.94,57.91,53.94,0.01,3.73,1.98,2.45,14.14,5151.9,5145.24,0.84,8/5/2015,8/3/2016
Sep-15,4.212,1.85,1.689,1.05,1.05,13.102,3.636,3.646,0.375,33.401,25.818,53.508,51.35,11.38,1.34,5.96,4.59,1.47,2.92,40.11,26.5,86.34,1.416,0.11,0.156,0.013,0.357,12445,-988,11457,10418,21875,703,7705,3196,4694,8773,0,-187,8773,-2790,31.8,5983,0,5796,353,1.06,1.05,5193.8,838,9611,17395,254811,913844,418968,0,0,8800,38739,25684,98708,1751265,1202179,0,88069,185274,992,81700,1558214,9136,22424,117593,2389,60998,-17899,193051,5983,0,5983,838,-261,0,0,6716,22060,0,347,0,-10291,18937,-51,0,0,0,-21938,16117,-51,0,-38384,-44307,442,-2137,975,9766,-2246,16278,23078,-2292,-51,18886,12.4,3.92,1.54,1.99,11.86,11.8,3.13,0.92,6.3,14.73,16.03,6.24,25.2,17.66,2.82,262319.935,541683.935,-301.62,0,-306.01,90.33,42.68,55.72,49.04,6.38,0,0,-3.36,0.262,6.05,0,0,8.88,58.52,50.02,0.71,5.43,2.94,6.44,13.46,5125.8,5108.47,0.96,11/4/2015,11/3/2016
Dec-15,4.169,1.747,1.575,1,1,11.944,-0.979,-0.971,0.375,33.539,25.211,58.338,54.36,10.78,1.26,4.88,4.43,1.48,2.9,37.78,25.83,-23.48,1.539,0.108,0.166,0.012,0.375,12643,-1055,11588,9998,21586,831,7818,3105,4781,8156,0,-48,8156,-2533,31.06,5623,0,5575,372,1.02,1,5178.3,892,9048,19111,270130,924896,412370,26251,0,8704,42405,25529,83765,1787632,1223312,59445,97528,199536,893,13920,1594634,9136,22214,120866,297,60714,-18867,192998,5623,0,5623,892,20,0,0,-3288,-1992,0,433,0,-9985,-5029,-39,0,0,0,-27122,21307,-39,0,-28909,-34802,272,-1974,0,24765,-2234,20718,41547,1716,-39,-5068,13.19,4.55,1.62,2.16,19.33,19.15,3.29,1.08,6.71,15.65,17.18,5.82,22.58,18.67,2.71,276808.187,577868.187,-309.4,0,-309.9,88.69,42.96,50.39,48.34,3.13,0,0,-2.52,0.269,6.45,0,0,7.73,55.97,51.26,0.32,2.66,-1.96,3.74,12.23,5108.3,5092.13,0.87,2/24/2016,3/1/2017
Mar-16,4.319,1.824,1.572,0.99,0.99,11.14,1.151,1.151,0.375,34.17,26.35,66.115,48.36,10.42,1.2,4.47,4.04,1.65,2.85,36.41,24.61,26.65,1.699,0.107,0.181,0.012,0.379,12972,-1305,11667,10528,22195,1086,8457,3039,4571,8081,0,-52,8081,-2567,31.77,5514,0,5462,377,1,0.99,5139.4,1295,9376,19084,300547,953958,408057,0,0,8349,39695,27003,119492,1849182,1241490,0,107703,227888,1008,73597,1651686,9136,24051,123891,1774,60602,-19687,197496,5514,0,5514,1295,0,0,0,990,2074,0,716,0,-3685,5914,0,0,-28904,0,-6316,21235,0,0,-36381,-50366,479,-2029,975,29586,-2244,17658,44425,-27,0,5914,11.88,4.34,1.42,1.84,13.87,13.78,2.88,1.08,6.75,15.69,17.49,5.72,23.38,16.3,3.1,245470.524,587036.524,-321.64,0,-326.38,88.69,43.64,44.73,49.12,-3.5,0,0,-2.53,0.288,6.44,0,0,6.19,52.91,45.16,0.32,6.43,-4.81,7.61,10.99,5075.7,5075.9,0.92,5/4/2016,5/5/2017
Jun-16,4.33,1.79,1.606,1.01,1.01,9.96,-1.56,-1.56,0.38,35.043,27.375,72.137,47.33,10.37,1.19,4.2,3.82,1.62,2.79,37.1,25.08,-36.03,1.805,0.107,0.193,0.012,0.376,13146,-1413,11733,10429,22162,1074,8202,3156,4664,8222,0,-15,8222,-2649,32.22,5573,0,5558,385,1.02,1.01,5118.1,938,9160,20407,295521,969643,433519,0,0,8289,38712,26963,123144,1889235,1245473,0,120258,243927,916,76916,1687490,9136,24830,127076,2948,60691,-21068,201745,5573,0,5573,938,0,0,0,1466,2602,0,460,0,-17559,-7986,0,0,-83,0,-34501,20589,0,0,-5143,-19138,316,-2214,1126,26977,-2259,4501,28447,1323,0,-7986,11.69,4.75,1.35,1.73,21.05,20.89,2.78,1.2,6.93,16.36,18.31,5.46,20.46,15.65,3.18,238945.032,608469.032,-330.21,0,-335.13,84.13,44.28,39.41,49.95,-8.06,0,0,-2.53,0.296,8.42,0,0,5.82,51.11,45.01,0.54,6.02,-1.94,-0.39,9.73,5066.9,5048.49,0.92,8/3/2016,8/3/2016
Sep-16,4.383,1.888,1.62,1.03,1.03,9.041,-0.479,-0.479,0.38,35.517,27.858,75.54,44.28,10.36,1.18,4.07,3.67,1.65,2.77,36.97,25.28,-10.93,1.869,0.105,0.195,0.012,0.369,13487,-1535,11952,10376,22328,805,8277,3483,4991,8255,0,-10,8255,-2601,31.51,5654,0,5644,401,1.04,1.03,5094.6,1365,9620,19287,298325,977349,476778,0,0,8322,38476,26688,123587,1942124,1275894,0,124668,254835,930,82769,1739096,9136,24594,130288,2184,60685,-22247,203028,5654,0,5654,1365,0,0,0,-1221,16766,0,298,0,-26524,-2441,0,0,-810,0,-52462,20474,0,0,-6886,-39684,229,-1839,0,14491,-2279,30403,41005,-1120,0,-2441,10.99,4.9,1.25,1.59,0,0,2.57,1.29,6.89,16.35,18.59,5.38,18.88,14.37,3.41,222457.849,608197.849,-342.33,0,-347.22,81.98,44.72,34.38,50.26,-10.45,0,0,-2.49,0.299,9.05,0,0,5.38,50.8,44.28,0.49,4.06,-1.9,2.05,8.53,5043.4,5023.89,0.9,11/3/2016,11/3/2016
Dec-16,4.25,1.759,1.489,0.96,0.96,15.414,0.922,0.922,0.38,34.894,26.168,70.146,55.11,9.68,1.09,3.87,4.55,1.81,2.85,35.04,24.44,21.69,1.763,0.103,0.182,0.011,0.396,14058,-1656,12402,9180,21582,805,8125,3437,5090,7562,0,-30,7562,-2258,29.86,5304,0,5274,402,0.97,0.96,5078.6,1372,8934,20729,266038,982574,482344,31056,0,8333,43767,26693,95274,1930115,1306079,57189,96781,255077,916,14492,1730534,9136,24551,133075,-3137,60234,-22713,199581,5304,0,5304,1372,0,0,0,-1940,30053,0,471,0,-32518,4682,0,0,-787,0,-55610,20323,0,0,23143,-12931,391,-2034,0,-16603,-2256,30193,9691,1442,0,4682,13.81,3.58,1.58,2.11,1620.88,1620.88,3.19,1.87,7.17,17.07,19.71,5.07,15.44,17.76,2.75,276437.822,633033.822,-340.86,0,-341.11,83.83,44.93,29.53,48.47,-4.13,0,0,-2.36,0.274,7.45,0,0,4.57,57.29,43.75,0.15,1.94,-4,0.69,7.4,5025.5,5016.11,0.97,3/1/2017,3/1/2017
Mar-17,4.339,1.744,1.5,1,1,18.65,2.602,2.602,0.38,35.173,26.924,70.213,55.66,10.08,1.12,4.16,4.7,2.19,2.82,34.57,24.8,59.95,1.744,0.103,0.18,0.011,0.38,14226,-1926,12300,9702,22002,605,9005,3209,4787,7605,0,-91,7605,-2057,27.05,5548,0,5457,401,1.01,1,5070.4,1237,8842,19698,308747,965312,487886,0,0,8320,41276,26666,120325,1951564,1325444,0,94871,256468,989,72292,1750064,9136,25501,136032,-3178,60585,-24030,201500,5548,0,5548,1237,0,0,0,-381,18419,0,740,0,-12753,13191,0,0,-46,0,-14937,16733,0,0,-31023,-29273,572,-2175,0,-26,-2267,18947,15051,-1031,0,13191,13.92,2.98,1.58,2.07,37.48,37.48,3.22,2.23,7.23,17.42,20.12,4.97,16.65,17.64,2.73,278515.404,636646.404,-345.81,0,-350.9,81.92,44.99,25,49.23,-3.5,0,0,-2.48,0.277,5.92,0,0,3.95,59.73,53.78,0.24,0.46,1.01,-4.39,6.25,5008.6,5003.87,1.03,5/5/2017,5/5/2017
Jun-17,4.401,1.659,1.603,1.07,1.07,0,0,0,0.38,36.129,27.922,67.292,0,10.63,1.2,4.44,0,2.6,2.86,36.42,26.21,0,1.629,0.106,0.173,0.011,0.355,14715,-2232,12483,9686,22169,555,8478,3541,5063,8073,0,-38,8073,-2225,27.56,5848,0,5810,406,1.08,1.07,5037.7,287,8360,20248,264706,971313,493201,0,0,8403,40761,26573,132239,1930871,1305830,0,95356,238869,915,84671,1725641,9136,25785,139524,-2110,60689,-25675,205230,5810,0,5848,287,0,0,0,0,0,0,0,0,0,0,0,0,0,0,0,0,0,0,0,0,0,0,0,0,0,0,0,0,0,0,0,0,0,0,0,0,0,0,0,0,0,0,0,0,0,0,0,-343.36,0,-348.55,0,0,0,50.5,0,0,0,0,0.267,4.59,0,0,3.62,0,0,0.74,1.64,5.94,-7.32,0,4989.9,4966.77,0,7/14/2017,7/14/2017
Jun-17,4.401,1.659,1.603,1.07,1.07,0,0,0,0.38,36.129,27.922,67.292,0,10.63,1.2,4.44,0,2.6,2.86,36.42,26.21,0,1.629,0.106,0.173,0.011,0.355,14715,-2232,12483,9686,22169,555,8478,3541,5063,8073,0,-38,8073,-2225,27.56,5848,0,5810,406,1.08,1.07,5037.7,287,8360,20248,264706,971313,493201,0,0,8403,40761,26573,132239,1930871,1305830,0,95356,238869,915,84671,1725641,9136,25785,139524,-2110,60689,-25675,205230,5810,0,5848,287,0,0,0,0,0,0,0,0,0,0,0,0,0,0,0,0,0,0,0,0,0,0,0,0,0,0,0,0,0,0,0,0,0,0,0,0,0,0,0,0,0,0,0,0,0,0,0,-343.36,0,-348.55,0,0,0,50.5,0,0,0,0,0.267,4.59,0,0,3.62,0,0,0.74,1.64,5.94,-7.32,0,4989.9,4966.77,0,7/15/2017,7/15/2017